{"stats":{"minecraft:custom":{"minecraft:time_since_rest":7217,"minecraft:play_one_minute":7217,"minecraft:crouch_one_cm":234,"minecraft:sprint_one_cm":15392,"minecraft:damage_taken":76,"minecraft:walk_one_cm":19024,"minecraft:sneak_time":29,"minecraft:jump":101,"minecraft:damage_dealt":963,"minecraft:leave_game":2,"minecraft:time_since_death":7217,"minecraft:interact_with_crafting_table":3,"minecraft:fall_one_cm":1031,"minecraft:fly_one_cm":9172,"minecraft:player_kills":4},"minecraft:used":{"minecraft:oak_log":1,"minecraft:wooden_axe":24,"minecraft:crafting_table":1},"minecraft:picked_up":{"minecraft:oak_log":5},"minecraft:mined":{"minecraft:grass":3,"minecraft:oak_log":3},"minecraft:crafted":{"minecraft:oak_planks":16,"minecraft:crafting_table":1,"minecraft:stick":8,"minecraft:wooden_axe":1}},"DataVersion":2586}