{"stats":{"minecraft:killed":{"zombie_extreme:radioactive_zombie":1,"zombie_extreme:policezombie":1,"zombie_extreme:infected_dog":1,"zombie_extreme:infectedperson":1,"zombie_extreme:parasite":1,"zombie_extreme:fast_zombie_v_2":1,"zombie_extreme:survial":1,"zombie_extreme:boomerzombie":1,"zombie_extreme:drawnedzombie":1},"minecraft:custom":{"minecraft:time_since_rest":1003,"minecraft:sprint_one_cm":2382,"minecraft:damage_taken":409,"minecraft:walk_one_cm":28153,"minecraft:mob_kills":9,"minecraft:drop":10,"minecraft:fly_one_cm":3148,"minecraft:crouch_one_cm":287,"minecraft:play_one_minute":12927,"minecraft:deaths":1,"minecraft:sneak_time":32,"minecraft:jump":50,"minecraft:leave_game":2,"minecraft:time_since_death":963,"minecraft:fall_one_cm":1086},"minecraft:used":{"zombie_extreme:drawnedzombie_spawn_egg":1,"zombie_extreme:survial_spawn_egg":1,"zombie_extreme:fast_zombie_v_2_spawn_egg":1,"zombie_extreme:cannedsoup":1,"zombie_extreme:infected_dog_spawn_egg":1,"zombie_extreme:policezombie_spawn_egg":1,"zombie_extreme:infectedperson_spawn_egg":1,"horror_elements_mod:herobrine_skull":1,"zombie_extreme:radioactive_zombie_spawn_egg":1,"zombie_extreme:boomerzombie_spawn_egg":1},"minecraft:picked_up":{"minecraft:poisonous_potato":1,"minecraft:flint":1,"zombie_extreme:cannedsoup":1,"zombie_extreme:nightvisionsyringe":1,"minecraft:rotten_flesh":5,"minecraft:iron_ingot":1},"minecraft:dropped":{"minecraft:iron_ingot":1,"zombie_extreme:nightvisionsyringe":1,"zombie_extreme:exoarmor_leggings":1,"zombie_extreme:spec_ops_suit_helmet":1,"zombie_extreme:spec_ops_suit_chestplate":1,"minecraft:poisonous_potato":1,"zombie_extreme:balaclava_helmet":1,"craftingdead:m4a1":1,"craftingdead:stanag_box_magazine":2}},"DataVersion":2586}