{"stats":{"minecraft:killed_by":{"minecraft:player":1},"minecraft:used":{"minecraft:iron_pickaxe":37,"minecraft:wooden_pickaxe":6,"minecraft:iron_sword":6,"minecraft:dirt":2,"minecraft:cobblestone":2,"minecraft:beef":3,"minecraft:crafting_table":3,"tombstone:gift":1},"minecraft:crafted":{"minecraft:oak_planks":36,"minecraft:crafting_table":2,"minecraft:stick":16,"minecraft:wooden_pickaxe":1,"minecraft:iron_pickaxe":1,"minecraft:iron_sword":1},"minecraft:custom":{"minecraft:time_since_rest":2519,"minecraft:sprint_one_cm":36468,"minecraft:damage_taken":426,"minecraft:walk_one_cm":24027,"minecraft:mob_kills":3,"minecraft:drop":2,"minecraft:damage_dealt":360,"minecraft:swim_one_cm":19164,"minecraft:interact_with_crafting_table":4,"minecraft:fly_one_cm":77211,"minecraft:open_chest":1,"minecraft:crouch_one_cm":620,"minecraft:play_one_minute":13106,"minecraft:deaths":1,"minecraft:sneak_time":314,"minecraft:walk_under_water_one_cm":3942,"minecraft:jump":354,"minecraft:leave_game":3,"minecraft:walk_on_water_one_cm":4743,"minecraft:time_since_death":2907,"minecraft:fall_one_cm":7979},"minecraft:mined":{"minecraft:dark_oak_leaves":2,"minecraft:crafting_table":2,"minecraft:grass":2,"minecraft:grass_block":2,"minecraft:coal_ore":35,"minecraft:oak_log":9,"minecraft:red_mushroom_block":1,"minecraft:stone":8,"minecraft:sugar_cane":2,"minecraft:oak_leaves":1},"minecraft:killed":{"minecraft:cow":3},"minecraft:dropped":{"minecraft:iron_nugget":2},"minecraft:picked_up":{"minecraft:crafting_table":2,"minecraft:leather":1,"minecraft:oak_log":9,"minecraft:dirt":2,"minecraft:beef":5,"minecraft:sugar_cane":5,"minecraft:oak_planks":7,"minecraft:coal":35,"minecraft:cobblestone":8}},"DataVersion":2586}