{"stats":{"minecraft:killed_by":{"minecraft:player":4},"minecraft:custom":{"minecraft:jump":59,"minecraft:crouch_one_cm":216,"minecraft:time_since_rest":466,"minecraft:deaths":4,"minecraft:damage_dealt":56,"minecraft:play_one_minute":6316,"minecraft:sprint_one_cm":5363,"minecraft:damage_taken":1011,"minecraft:time_since_death":0,"minecraft:walk_one_cm":22166,"minecraft:sneak_time":26,"minecraft:interact_with_crafting_table":1,"minecraft:fall_one_cm":209,"minecraft:fly_one_cm":4913,"minecraft:leave_game":1},"minecraft:picked_up":{"minecraft:oak_log":2},"minecraft:mined":{"minecraft:grass":1,"minecraft:oak_log":2,"minecraft:birch_leaves":2}},"DataVersion":2586}