{"stats":{"minecraft:used":{"minecraft:stone_sword":38,"minecraft:stone_pickaxe":3,"minecraft:iron_pickaxe":33,"minecraft:wooden_pickaxe":3,"minecraft:cobblestone":7,"minecraft:dirt":2,"minecraft:mutton":1,"minecraft:beef":3,"minecraft:crafting_table":1},"minecraft:crafted":{"minecraft:oak_planks":16,"minecraft:crafting_table":1,"minecraft:stick":8,"minecraft:wooden_pickaxe":1,"minecraft:stone_pickaxe":1,"minecraft:stone_sword":1},"minecraft:custom":{"minecraft:time_since_rest":13323,"minecraft:sprint_one_cm":35922,"minecraft:damage_taken":200,"minecraft:walk_one_cm":40401,"minecraft:mob_kills":2,"minecraft:damage_dealt":701,"minecraft:swim_one_cm":3154,"minecraft:interact_with_crafting_table":3,"minecraft:player_kills":2,"minecraft:fly_one_cm":51447,"minecraft:play_one_minute":13323,"minecraft:sneak_time":10,"minecraft:walk_under_water_one_cm":1999,"tombstone:tomb_raiding":1,"minecraft:jump":355,"minecraft:walk_on_water_one_cm":7255,"minecraft:time_since_death":13323,"minecraft:fall_one_cm":8454},"minecraft:mined":{"immersiveengineering:ore_copper":6,"minecraft:grass":22,"minecraft:grass_block":2,"minecraft:oak_log":4,"minecraft:coal_ore":1,"minecraft:dirt":5,"minecraft:cobblestone":7,"minecraft:stone":25},"minecraft:killed":{"minecraft:sheep":1,"minecraft:cow":1},"minecraft:picked_up":{"minecraft:stick":6,"minecraft:oak_log":4,"minecraft:cornflower":1,"minecraft:dirt":7,"immersiveengineering:ore_copper":6,"immersiveengineering:seed":3,"minecraft:wheat_seeds":1,"minecraft:beef":1,"minecraft:mutton":1,"minecraft:coal":1,"minecraft:white_wool":1,"minecraft:cobblestone":32}},"DataVersion":2586}