{
  "minecraft:adventure/root": {
    "criteria": {
      "killed_by_something": "2024-06-15 02:41:09 +0000"
    },
    "done": true
  },
  "tombstone:adventure/root": {
    "criteria": {
      "auto": "2024-06-15 02:40:01 +0000"
    },
    "done": true
  },
  "minecraft:adventure/adventuring_time": {
    "criteria": {
      "minecraft:beach": "2024-06-15 02:41:16 +0000",
      "minecraft:dark_forest": "2024-06-15 02:44:30 +0000",
      "minecraft:river": "2024-06-15 02:45:03 +0000",
      "minecraft:plains": "2024-06-15 02:40:01 +0000"
    },
    "done": false
  },
  "DataVersion": 2586
}